sample_id	sample_lab	raw_reads	clean_reads	aligned_reads	dup_rate	dedup_reads	peak_num
13	n3k_ctrl	63595019	63594996	61917541	0.828892	10717145	637
14	200nM_8h	64585197	64585174	62517373	0.83026	10765170	542
15	500nM_8h	54545214	54545194	52929657	0.825984	9334947	383
1	200nM_2h	62109287	62109264	60058194	0.818681	11060981	721
2	500nM_2h	62180032	62180004	60155726	0.823407	10783905	664
3	200nM_4h	55206505	55206482	53174777	0.806698	10485462	651
4	500nM_4h	65684842	65684807	63543428	0.842028	10175043	607
